Workbook

Sheet Faturamento
A1: Data_Base | B1: Valor Total das Deduções (R$) | C1: Base de Cálculo (R$) | D1: Alíquota (%) | E1: Valor do ISS (R$) | F1: Crédito Nota Salvada (R$) | G1: Valor INSS (R$) | H1: Valor PIS (R$) | I1: Valor COFINS (R$) | J1: Valor IR (R$) | K1: Contribuições Sociais (R$) | L1: Outras Retenções (R$) | M1: Valor Líquido (R$)
A2: 46295 | B2: 4864267 | C2: 7296400.5 | D2: 0.05 | E2: 364820.03 | F2: 0 | G2: 468185.69 | H2: 0 | I2: 0 | J2: 0 | K2: 0 | L2: 0 | M2: 11327662

Sheet Recebimento e Reserva
A5: APURAÇÃO DA TRANSFERÊNCIA PARA O FUNDO DE RESERVA
A6: Documento nº: | B6: 001/2026
A7: Data base referência: | B7: =Faturamento!A2 -> 46295
B9: ="Apuração do Fundo de Reserva (" & TEXT(E9,"##%") & " / Faturamento Líquido)" -> Apuração do Fundo de Reserva (1% / Faturamento Líquido) | E9: 0.01
A11: FATURAMENTO LÍQUIDO | C11: (-) DEDUÇÃO DO ADIANTAMENTO | E11: SALDO A RECEBER DO CLIENTE | G11: TRANSFERIR AO FUNDO DE RESERVA
A12: =D20 -> 11327662 | C12: =E20 -> 2432183.5 | E12: =F20 -> 8895478.3 | G12: =G20 -> 113276.62
A15: DETALHAMENTO POR PERÍODO
A17: Data Base | B17: Valor Bruto da Nota | C17: (−) Retenções e Tributos | D17: Faturamento Líquido / Valor a Receber | E17: (−) Valor Já Adiantado | F17: Saldo a Receber do Cliente | G17: Fundo de Reserva | H17: Retenções s/ Bruto
A18: =IF(Faturamento!A2="","",Faturamento!A2) -> 46295 | B18: =IF($A18="","",Faturamento!B2+Faturamento!C2) -> 12160668 | C18: =IF($A18="","",B18-D18) -> 833005.72 | D18: =IF($A18="","",Faturamento!M2) -> 11327662 | E18: 2432183.5 | F18: =IF($A18="","",D18-E18) -> 8895478.3 | G18: =IF($A18="","",D18*$E$9) -> 113276.62 | H18: =IF($A18="","",IF(B18=0,0,C18/B18)) -> 0.0685
A19: =IF(Faturamento!A13="","",Faturamento!A13) | B19: =IF($A19="","",Faturamento!B13+Faturamento!C13) | C19: =IF($A19="","",B19-D19) | D19: =IF($A19="","",Faturamento!M13) | F19: =IF($A19="","",D19-E19) | G19: =IF($A19="","",D19*$E$9) | H19: =IF($A19="","",IF(B19=0,0,C19/B19))
A20: TOTAL | B20: =SUM(B18:B19) -> 12160668 | C20: =SUM(C18:C19) -> 833005.72 | D20: =SUM(D18:D19) -> 11327662 | E20: =SUM(E18:E19) -> 2432183.5 | F20: =SUM(F18:F19) -> 8895478.3 | G20: =SUM(G18:G19) -> 113276.62 | H20: =IF(B20=0,0,C20/B20) -> 0.0685
A22: MEMÓRIA DE CÁLCULO
A23: Indicador | B23: Valor (R$) | C23: % do Bruto
A24: Valor Bruto da NF | B24: =B20 -> 12160668 | C24: =IF($B$24=0,0,B24/$B$24) -> 1
A25: (−) Retenções e Tributos | B25: =C20 -> 833005.72 | C25: =IF($B$24=0,0,B25/$B$24) -> 0.0685
A26: Faturamento Líquido | B26: =B24-B25 -> 11327662 | C26: =IF($B$24=0,0,B26/$B$24) -> 0.9315
A27: (−) Já Adiantado | B27: =E20 -> 2432183.5 | C27: =IF($B$24=0,0,B27/$B$24) -> 0.20000411
A28: Saldo a Receber | B28: =F20 -> 8895478.3 | C28: =IF($B$24=0,0,B28/$B$24) -> 0.73149589
A29: Fundo de Reserva | B29: =B26*E9 -> 113276.62 | C29: =IF($B$24=0,0,B29/$B$24) -> 0.009315
A32: RESPONSÁVEIS
A33: ELABORAÇÃO | D33: CONFERÊNCIA
A34: Financeiro do Consórcio | D34: Gerente Administrativo Financeiro (GAF)
A35: Assinatura: | D35: Assinatura:
A37: ATESTO DA DIRETORIA
A38: Diretor Belov
A39: Assinatura:
A41: Diretor Carioca
A42: Assinatura:
A44: Diretor CTC
A45: Assinatura:
