Workbook

Sheet Faturamento
A1: Data_Base | B1: Valor Total das Deduções (R$) | C1: Base de Cálculo (R$) | D1: Alíquota (%) | E1: Valor do ISS (R$) | F1: Crédito Nota Salvada (R$) | G1: Valor INSS (R$) | H1: Valor PIS (R$) | I1: Valor COFINS (R$) | J1: Valor IR (R$) | K1: Contribuições Sociais (R$) | L1: Outras Retenções (R$) | M1: Valor Líquido (R$)
A2: 46295 | B2: 4864267 | C2: 7296400.5 | D2: 0.05 | E2: 364820.03 | F2: 0 | G2: 468185.69 | H2: 0 | I2: 0 | J2: 0 | K2: 0 | L2: 0 | M2: 11327662

Sheet 001-2026
A2: MEMÓRIA DE CÁLCULO E SOLICITAÇÃO DE TRANSFERÊNCIA
A3: DE RECURSOS PARA O FUNDO DE RESERVA
C4: Documento nº: | D4: 001/2026
C5: Data: | D5: 46282
A6: 1. OBJETIVO
A7: Formalizar a memória de cálculo e solicitar a autorização dos representantes legais das empresas consorciadas para a transferência de recursos da conta corrente do Consórcio para a conta bancária, também do Consórcio, destinada ao Fundo de Reserva, no Banco Santander, em atendimento ao percentual previsto na NPO, conforme cláusula 3.4 (Aportes), alínea V.
A11: 2. MEMÓRIA DE CÁLCULO RESUMIDA
A12: Descrição | B12: Valor
A13: Valor recebido | B13: ='001-2026_Memória'!D18 -> 11327662
A14: Percentual do Fundo de Reserva (NPO) | B14: 0.01
A15: Valor a ser transferido para o Fundo de Reserva | B15: =B13*B14 -> 113276.62
A17: 3. SOLICITAÇÃO DE AUTORIZAÇÃO
A18: Com base na memória de cálculo acima e nas disposições da NPO, solicita-se a autorização dos representantes legais/conselho executivo das empresas consorciadas para a transferência do valor calculado da conta corrente do Consórcio para a conta bancária do Fundo de Reserva, no Banco Santander.
A22: 4. DADOS DA TRANSFERÊNCIA
A23: Conta de origem - CSD | B23: SANTANDER, Ag. 3324 - CC 130105657
A24: Conta de destino - Fundo de Reserva | B24: SANTANDER, Ag. 3324 - CC 130105877
A25: Valor da transferência | B25: =B15 -> 113276.62
A26: Data prevista | B26: 46286
A28: 5. AUTORIZAÇÃO DOS REPRESENTANTES LEGAIS
A29: Os representantes legais abaixo identificados, na qualidade de representantes das empresas consorciadas, manifestam sua autorização para a transferência acima.
A32: EMPRESA CONSORCIADA | B32: REPRESENTANTE LEGAL
A33: BELOV OBRAS PORTUÁRIAS LTDA
A34: CTC INFRA & CONSTRUCOES LTDA
A35: CARIOCA CHRISTIANI-NIELSEN ENGENHARIA S.A

Sheet 001-2026_Memória
A5: APURAÇÃO DA TRANSFERÊNCIA PARA O FUNDO DE RESERVA
A6: Documento nº: | B6: 001/2026
A7: Data base referência: | B7: =Faturamento!A2 -> 46295
B9: ="Apuração do Fundo de Reserva (" & TEXT(E9,"##%") & " / Faturamento Líquido)" -> Apuração do Fundo de Reserva (1% / Faturamento Líquido) | E9: 0.01
A11: FATURAMENTO LÍQUIDO (DE IMPOSTOS) | C11: (-) DEDUÇÃO DO ADIANTAMENTO | E11: SALDO A RECEBER DO CLIENTE | G11: TRANSFERIR AO FUNDO DE RESERVA
A12: =D20 -> 11327662 | C12: =E20 -> 2432183.5 | E12: =F20 -> 8895478.3 | G12: =G20 -> 113276.62
A15: DETALHAMENTO POR PERÍODO
A17: Data Base | B17: Valor Bruto da NF | C17: (−) Impostos | D17: Faturamento Líquido (de Impostos) | E17: (−) Desconto Adiantamento | F17: Saldo a Receber do Cliente | G17: Fundo de Reserva | H17: Impostos s/ Bruto
A18: =IF(Faturamento!A2="","",Faturamento!A2) -> 46295 | B18: =IF($A18="","",Faturamento!B2+Faturamento!C2) -> 12160668 | C18: =IF($A18="","",B18-D18) -> 833005.72 | D18: =IF($A18="","",Faturamento!M2) -> 11327662 | E18: 2432183.5 | F18: =IF($A18="","",D18-E18) -> 8895478.3 | G18: =IF($A18="","",D18*$E$9) -> 113276.62 | H18: =IF($A18="","",IF(B18=0,0,C18/B18)) -> 0.0685
A19: =IF(Faturamento!A13="","",Faturamento!A13) | B19: =IF($A19="","",Faturamento!B13+Faturamento!C13) | C19: =IF($A19="","",B19-D19) | D19: =IF($A19="","",Faturamento!M13) | F19: =IF($A19="","",D19-E19) | G19: =IF($A19="","",D19*$E$9) | H19: =IF($A19="","",IF(B19=0,0,C19/B19))
A20: TOTAL | B20: =SUM(B18:B19) -> 12160668 | C20: =SUM(C18:C19) -> 833005.72 | D20: =SUM(D18:D19) -> 11327662 | E20: =SUM(E18:E19) -> 2432183.5 | F20: =SUM(F18:F19) -> 8895478.3 | G20: =SUM(G18:G19) -> 113276.62 | H20: =IF(B20=0,0,C20/B20) -> 0.0685
A22: MEMÓRIA DE CÁLCULO
A23: Indicador | B23: Valor (R$) | C23: % do Bruto
A24: Valor Bruto da NF | B24: =B20 -> 12160668 | C24: =IF($B$24=0,0,B24/$B$24) -> 1
A25: (−) Impostos | B25: =C20 -> 833005.72 | C25: =IF($B$24=0,0,B25/$B$24) -> 0.0685
A26: Faturamento Líquido (de Impostos) | B26: =B24-B25 -> 11327662 | C26: =IF($B$24=0,0,B26/$B$24) -> 0.9315
A27: (−) Desconto Adiantamento | B27: =E20 -> 2432183.5 | C27: =IF($B$24=0,0,B27/$B$24) -> 0.20000411
A28: Saldo a Receber do Cliente | B28: =F20 -> 8895478.3 | C28: =IF($B$24=0,0,B28/$B$24) -> 0.73149589
A29: Fundo de Reserva | B29: =B26*E9 -> 113276.62 | C29: =IF($B$24=0,0,B29/$B$24) -> 0.009315

Sheet Configuração
A1: NOTAS E PREMISSAS
A2: 1) Valor Bruto da Nota = Total das Deduções + Base de Cálculo (aba Faturamento, colunas B + C).
A3: 2) Faturamento Líquido = Valor Líquido da aba Faturamento (coluna M): é o valor efetivamente a receber do cliente, após ISS, INSS e demais retenções.
A4: 3) Retenções e Tributos = Valor Bruto − Faturamento Líquido (conferido contra as retenções declaradas na linha 26).
A5: 4) Valor Já Adiantado: informe na coluna E (azul/amarelo). Valor inicial R$ 0,00 – ATUALIZAR com o adiantamento real. Saldo a Receber = Faturamento Líquido − Adiantado.
A6: 5) Fundo de Reserva = Faturamento Líquido × taxa da célula D4 (1%, premissa informada pelo solicitante). Base: faturamento líquido, sem desconto do adiantado.
A7: 6) A aba comporta até 12 períodos: novas linhas incluídas na aba Faturamento (linhas 2 a 13) são refletidas automaticamente.
A10: Relatório para Diretoria Executiva | Valores em Reais (R$) | Fonte: "Faturamento"
